HG001	bwa	gatk	snps	    1.000              68845          68845        743        357     0.9893       0.9948     0.9921
HG001	bwa	gatk	indels	    5.000               9894           9893         75         80     0.9925       0.9920     0.9922
HG001	bwa	bcftools	snps	     None              68786          68786        765        416     0.9890       0.9940     0.9915
HG001	bwa	bcftools	indels	     None               9374           9374        478        600     0.9515       0.9398     0.9456
HG001	certa	gatk	snps	    2.000              68675          68675        508        527     0.9927       0.9924     0.9925
HG001	certa	gatk	indels	    4.000               9880           9879         88         94     0.9912       0.9906     0.9909
HG001	certa	bcftools	snps	     None              68659          68659        556        543     0.9920       0.9922     0.9921
HG001	certa	bcftools	indels	     None               9380           9379        458        594     0.9534       0.9404     0.9469
HG005	bwa	gatk	snps	    1.000              68282          68282        830        310     0.9880       0.9955     0.9917
HG005	bwa	gatk	indels	    9.000               8388           8388         66         61     0.9922       0.9928     0.9925
HG005	bwa	bcftools	snps	     None              68234          68234        792        358     0.9885       0.9948     0.9916
HG005	bwa	bcftools	indels	     None               7937           7937        405        512     0.9515       0.9394     0.9454
HG005	certa	gatk	snps	    7.000              68109          68109        537        483     0.9922       0.9930     0.9926
HG005	certa	gatk	indels	    1.000               8392           8392         48         57     0.9943       0.9933     0.9938
HG005	certa	bcftools	snps	     None              68164          68164        583        428     0.9915       0.9938     0.9926
HG005	certa	bcftools	indels	     None               7953           7953        391        496     0.9531       0.9413     0.9472
