host	tool	rep	reads	wall_s	user_s	sys_s	max_rss_kb
galaxy	certa	1	20001073	17.28	700.17	11.94	8900020
galaxy	certa	2	20001073	16.6	704.59	11.85	8927264
galaxy	certa	3	20001073	17.97	706.95	11.78	9003824
galaxy	certa+fallback	1	20001073	34.32	1666.45	15.54	12781056
galaxy	certa+fallback	2	20001073	35.16	1670.48	16.1	12781340
galaxy	certa+fallback	3	20001073	35.54	1676.51	16.4	12780816
galaxy	certa-pipe	1	20001073	40.28	1652.84	16.51	12363048
galaxy	certa-pipe	2	20001073	40.23	1647.20	16.59	12384868
galaxy	certa-pipe	3	20001073	40.3	1646.84	16.64	12386664
galaxy	certa-gpu	1	20001073	15.91	52.85	15.35	10725764
galaxy	certa-gpu	2	20001073	15.19	53.92	15.64	10744080
galaxy	certa-gpu	3	20001073	15.81	50.41	15.35	10679768
galaxy	certa-gpu+fallback	1	20001073	33.91	1027.67	19.76	12789148
galaxy	certa-gpu+fallback	2	20001073	34.36	1023.36	19.89	12793240
galaxy	certa-gpu+fallback	3	20001073	33.93	1022.77	19.96	12780476
galaxy	certa-gpu-pipe	1	20001073	24.41	1036.81	21.77	12645852
galaxy	certa-gpu-pipe	2	20001073	24.4	1036.59	21.61	12649016
galaxy	certa-gpu-pipe	3	20001073	24.27	1031.51	21.58	12640044
