bwa	gatk	snps	    3.000              69775          69775        721       1587     0.9898       0.9778     0.9837
bwa	gatk	indels	    1.000              10809          10810        163        447     0.9851       0.9603     0.9726
bwa	bcftools	snps	     None              69778          69778        792       1584     0.9888       0.9778     0.9833
bwa	bcftools	indels	     None              10271          10269        725        985     0.9341       0.9125     0.9231
ours	gatk	snps	    4.000              70097          70097        930       1265     0.9869       0.9823     0.9846
ours	gatk	indels	    4.000              10779          10780        193        477     0.9824       0.9576     0.9699
ours	bcftools	snps	     None              69843          69843        918       1519     0.9870       0.9787     0.9829
ours	bcftools	indels	     None               8801           8975       2280       2455     0.7974       0.7819     0.7896
ours2	gatk	snps	    4.000              69718          69718        725       1644     0.9897       0.9770     0.9833
ours2	gatk	indels	    1.000              10828          10829        162        428     0.9853       0.9620     0.9735
ours2	bcftools	snps	     None              69777          69777        810       1585     0.9885       0.9778     0.9831
ours2	bcftools	indels	     None              10292          10291        729        964     0.9338       0.9144     0.9240
ours3	gatk	snps	    4.000              69699          69699        726       1663     0.9897       0.9767     0.9832
ours3	gatk	indels	    1.000              10827          10828        162        429     0.9853       0.9619     0.9734
ours3	bcftools	snps	     None              69775          69775        816       1587     0.9884       0.9778     0.9831
ours3	bcftools	indels	     None              10293          10292        729        963     0.9339       0.9144     0.9240
ours4	gatk	snps	    3.000              70003          70003        809       1359     0.9886       0.9810     0.9848
ours4	gatk	indels	    1.000              10832          10833        164        424     0.9851       0.9623     0.9736
ours4	bcftools	snps	     None              70001          70001        904       1361     0.9873       0.9809     0.9841
ours4	bcftools	indels	     None              10297          10296        733        959     0.9335       0.9148     0.9241
